army_name	character_name	script_name
#battle_set_piece_armies_characters_junctions_tables;0;db/battle_set_piece_armies_characters_junctions_tables/hkrul_norsca_qb		
hkrul_adella_qb_1_army_enemy_reinforcement	hkrul_adella_sword_kroxigor_ancient	hkrul_adella_qb_1_army_enemy_reinforcement
hkrul_adella_qb_1_army_enemy	hkrul_adella_sword_kroxigor_ancient	hkrul_adella_qb_1_army_enemy
hkrul_adella_qb_1_army_player	hkrul_adella	
hkrul_adella_qb_1_army_player_reinforcement	hkrul_adella_verdandi	hkrul_adella_qb_1_army_player_reinforcement
hkrul_ulfric_qb_1_army_player	hkrul_ulfric	
hkrul_ulfric_qb_1_army_player_reinforcement	hkrul_ulfric_crown_olveskan	ulfric_reinforcements
hkrul_ulfric_qb_1_army_enemy_reinforcement	hkrul_ulfric_crown_aranessa	ogg_flankers
hkrul_ullfric_qb_1_army_enemy	wh2_dlc11_cst_final_battle_gunnery_wight	saltspite_main
hkrul_ullfric_qb_1_army_enemy	hkrul_ulfric_crown_ogg	saltspite_main
hkrul_geimdall_lost_island_army_player	hkrul_geimdall	
hkrul_geimdall_lost_island_army_player	wh_dlc08_qb_nor_wulfrik_monster_hunt_shaman_0	
hkrul_geimdall_lost_island_army_player	hkrul_haraldur_cb	
hkrul_geimdall_lost_island_army_ulfric_reinforcement	hkrul_oda_cb	ulfric_reinforcements
hkrul_geimdall_lost_island_army_undead_main	hkrul_geimdall_lost_island_undead_main_general	undead_main
hkrul_geimdall_lost_island_army_undead_reinforcement_1	hkrul_geimdall_lost_island_undead_reinforcement_1_general	undead_reinforcement_1
hkrul_geimdall_lost_island_army_undead_reinforcement_2	hkrul_geimdall_lost_island_undead_reinforcement_2_general	undead_reinforcement_2
hkrul_adella_qb_0001_player	hkrul_harald	
hkrul_adella_qb_0001_player	hkrul_adella_verdandi	
hkrul_adella_qb_0001_player	wh_dlc08_qb_nor_wulfrik_monster_hunt_shaman_1	
hkrul_adella_qb_0005_adella_host	hkrul_adella_qb	adella_host
