key	active_initiative_limit	activation_cooldown	category	points_limit	allows_multiple_activation	base_cost	use_force_pooled_resources	sort_order
#initiative_sets_tables;8;db/initiative_sets_tables/rhox_fc_norsca								
rhox_baersonling_marauder_chieftain_initiatives	1	10	PATH_TO_GLORY_MARK	0	false		false	0
rhox_baersonling_marauder_chieftain_boons	-1	0	PATH_TO_GLORY_BOON	0	false		false	0
rhox_baersonling_tze_chaos_lord_initiatives	1	10	PATH_TO_GLORY_MARK	0	false		false	0
rhox_baersonling_tze_chaos_lord_boons	-1	0	PATH_TO_GLORY_BOON	0	false		false	0
rhox_baersonling_daemon_prince_boons	-1	0	PATH_TO_GLORY_BOON	0	false		false	0
rhox_sarg_faction_initiative_set_chs_slaanesh	0	1	DLC20_SLAANESH_INITIATIVES	0	false		false	0
rhox_sarg_faction_initiative_set_chs_undivided	1	1	DLC20_UNDIVIDED_INITIATIVES	0	false		false	0
packlord_hunter_traits	20	0	STANDARD_INITIATIVES	0	false		false	0
hkrul_grydal_initiative_set	-1	0	PATH_TO_GLORY_BOON	0	false		false	0
hkrul_grydal_ascend	1	10	PATH_TO_GLORY_MARK	0	false		false	0
hkrul_goftur_initiative_set	-1	0	PATH_TO_GLORY_BOON	0	false		false	0
hkrul_goftur_ascend	1	10	PATH_TO_GLORY_MARK	0	false		false	0
