character_skill_key	effect_key	level	effect_scope	value
#character_skill_level_to_effects_junctions_tables;1;db/character_skill_level_to_effects_junctions_tables/rhox_skald				
rhox_skald_horn_campaign_sharpen	wh2_dlc17_effect_agent_action_assist_army_sharpen_weapons_buff	1	character_to_character_own	1.0000
rhox_skald_horn_campaign_sharpen	wh2_dlc17_effect_agent_action_assist_army_sharpen_weapons_buff	2	character_to_character_own	3.0000
rhox_skald_horn_campaign_sharpen	wh2_dlc17_effect_agent_action_assist_army_sharpen_weapons_buff	3	character_to_character_own	5.0000
rhox_skald_drum_campaign_harden	wh2_dlc17_effect_agent_action_assist_army_harden_armour_buff	1	character_to_character_own	1.0000
rhox_skald_drum_campaign_harden	wh2_dlc17_effect_agent_action_assist_army_harden_armour_buff	2	character_to_character_own	3.0000
rhox_skald_drum_campaign_harden	wh2_dlc17_effect_agent_action_assist_army_harden_armour_buff	3	character_to_character_own	5.0000
rhox_skald_horn_campaign_agent_actions_dummy	rhox_skald_agent_action_assist_army_improve_weapons	1	character_to_character_own	1.0000
rhox_skald_drum_campaign_agent_actions_dummy	rhox_skald_agent_action_assist_army_improve_armour	1	character_to_character_own	1.0000
rhox_skald_horn_campaign_agent_actions_dummy	wh2_main_effect_agent_action_enable_spy_hinder_agent_assassinate	1	character_to_character_own	1.0000
rhox_skald_horn_campaign_agent_actions_dummy	wh2_main_effect_agent_action_enable_spy_hinder_army_hinder_replenishment	1	character_to_character_own	1.0000
rhox_skald_horn_campaign_agent_actions_dummy	wh2_main_effect_agent_action_enable_spy_hinder_settlement_damage_walls	1	character_to_character_own	1.0000
rhox_skald_horn_campaign_agent_actions_dummy	wh2_main_effect_agent_action_enable_spy_hinder_settlement_scout_settlement	1	character_to_character_own	1.0000
rhox_skald_horn_campaign_agent_actions_dummy	wh2_main_effect_agent_action_enable_spy_passive_boost_income	1	character_to_character_own	1.0000
rhox_skald_horn_campaign_agent_actions_dummy	wh2_main_effect_agent_action_passive_boost_income_effect_negative	1	character_to_region_enemy_provincewide	-5.0000
rhox_skald_horn_campaign_agent_actions_dummy	wh2_main_effect_agent_action_passive_boost_income_effect_positive	1	character_to_region_own_provincewide	5.0000
rhox_skald_drum_campaign_agent_actions_dummy	wh2_main_effect_agent_action_enable_spy_hinder_agent_assassinate	1	character_to_character_own	1.0000
rhox_skald_drum_campaign_agent_actions_dummy	wh2_main_effect_agent_action_enable_spy_hinder_army_hinder_replenishment	1	character_to_character_own	1.0000
rhox_skald_drum_campaign_agent_actions_dummy	wh2_main_effect_agent_action_enable_spy_hinder_settlement_damage_walls	1	character_to_character_own	1.0000
rhox_skald_drum_campaign_agent_actions_dummy	wh2_main_effect_agent_action_enable_spy_hinder_settlement_scout_settlement	1	character_to_character_own	1.0000
rhox_skald_drum_campaign_agent_actions_dummy	wh2_main_effect_agent_action_enable_spy_passive_boost_income	1	character_to_character_own	1.0000
rhox_skald_drum_campaign_agent_actions_dummy	wh2_main_effect_agent_action_passive_boost_income_effect_negative	1	character_to_region_enemy_provincewide	-5.0000
rhox_skald_drum_campaign_agent_actions_dummy	wh2_main_effect_agent_action_passive_boost_income_effect_positive	1	character_to_region_own_provincewide	5.0000
rhox_skald_skill_node_unique_01	rhox_skald_effect_agent_action_enable_spy_assist_army_replenish_troops	1	character_to_character_own	1.0000
rhox_skald_skill_node_unique_01	rhox_skald_effect_agent_action_enable_spy_assist_army_replenish_troops	2	character_to_character_own	1.0000
rhox_skald_skill_node_unique_01	rhox_skald_effect_agent_action_enable_spy_assist_army_replenish_troops	3	character_to_character_own	1.0000
rhox_skald_skill_node_unique_01	wh2_main_effect_agent_action_assist_army_replenish_troops_buff	1	character_to_character_own	3.0000
rhox_skald_skill_node_unique_01	wh2_main_effect_agent_action_assist_army_replenish_troops_buff	2	character_to_character_own	6.0000
rhox_skald_skill_node_unique_01	wh2_main_effect_agent_action_assist_army_replenish_troops_buff	3	character_to_character_own	9.0000
rhox_skald_skill_node_unique_02	rhox_skald_effect_increase_range	1	character_to_character_own	50.0000
rhox_skald_skill_node_unique_02	rhox_skald_effect_increase_range	2	character_to_character_own	75.0000
rhox_skald_skill_node_unique_02	rhox_skald_effect_increase_range	3	character_to_character_own	100.0000
rhox_skald_skill_node_unique_03_drum	rhox_skald_effect_disable_rhox_skald_guardian_cadence	1	character_to_character_own	1.0000
rhox_skald_skill_node_unique_03_drum	rhox_skald_effect_enable_rhox_skald_guardian_cadence_upgraded	1	character_to_character_own	1.0000
rhox_skald_skill_node_unique_03_horn	rhox_skald_effect_disable_rhox_skald_fury_call	1	character_to_character_own	1.0000
rhox_skald_skill_node_unique_03_horn	rhox_skald_effect_enable_rhox_skald_fury_call_upgraded	1	character_to_character_own	1.0000
rhox_skald_skill_node_unique_04_horn	hkrul_skald_horn_passive	1	character_to_character_own	1.0000
rhox_skald_skill_node_unique_04_drum	hkrul_skald_drum_passive	1	character_to_character_own	1.0000
hkrul_skill_node_unique_saga	hkrul_skald_saga	1	character_to_character_own	1.0000
rhox_skald_skill_node_unique_06	hkrul_skald_rally	1	character_to_character_own	1.0000
hkrul_shieldmaiden_campaign_agent_actions_dummy	wh2_dlc16_effect_agent_action_enable_runesmith_passive_stimulate_growth	1	character_to_character_own	1.0000
hkrul_shieldmaiden_campaign_agent_actions_dummy	wh2_dlc17_effect_agent_action_enable_runesmith_assist_army_increase_mobility	1	character_to_character_own	1.0000
hkrul_shieldmaiden_campaign_agent_actions_dummy	wh2_dlc17_effect_agent_action_enable_runesmith_hinder_settlement_assault_garrison	1	character_to_character_own	1.0000
hkrul_shieldmaiden_campaign_agent_actions_dummy	wh2_main_effect_agent_action_enable_runesmith_hinder_agent_wound	1	character_to_character_own	1.0000
hkrul_shieldmaiden_campaign_agent_actions_dummy	wh2_main_effect_agent_action_enable_runesmith_hinder_settlement_scout_settlement	1	character_to_character_own	1.0000
hkrul_shieldmaiden_campaign_agent_actions_dummy	wh3_main_effect_agent_action_enable_runesmith_hinder_army_assault_units	1	character_to_region_enemy_provincewide	-5.0000
hkrul_shieldmaiden_skill_node_unique_01	hkrul_shieldmaiden_pas	1	character_to_character_own	10.0000
hkrul_shieldmaiden_skill_node_unique_01	wh_main_effect_character_stat_leadership_aura_size_attacking	1	character_to_character_own	35.0000
hkrul_shieldmaiden_skill_node_unique_02	hkrul_norsca_shieldmaiden_deco_xp	1	agent_to_parent_army_own	3.0000
hkrul_shieldmaiden_skill_node_unique_02	hkrul_norsca_shieldmaiden_deco_melee_defence	1	agent_to_parent_army_own	8.0000
hkrul_shieldmaiden_skill_node_unique_03	hkrul_shieldmaiden_support	1	character_to_character_own	1.0000
hkrul_shieldmaiden_skill_node_unique_03	wh3_main_effect_attribute_unyielding_assault	1	character_to_character_own	1.0000
hkrul_shieldmaiden_skill_node_unique_04	wh_main_effect_agent_movement_range_mod	1	agent_to_parent_army_general_own	10.0000
hkrul_shieldmaiden_skill_node_unique_04	wh_main_effect_agent_field_line_of_sight_mod	1	character_to_character_own_armytext	20.0000
hkrul_hkrul_shieldmaiden_node_unique_saga	hkrul_shieldmaiden_shield	1	character_to_character_own	1.0000
hkrul_shieldmaiden_skill_node_unique_06	hkrul_shieldmaiden_command	1	character_to_character_own	1.0000
hkrul_dalla_agent_actions	wh2_dlc11_effect_agent_action_enable_champion_hinder_settlement_treasure_hunt	1	character_to_character_own	1.0000
hkrul_dalla_agent_actions	wh2_main_effect_agent_action_enable_champion_assist_army_scavenge	1	character_to_character_own	1.0000
hkrul_dalla_agent_actions	wh2_main_effect_agent_action_enable_champion_hinder_agent_assassinate	1	character_to_character_own	1.0000
hkrul_dalla_agent_actions	wh2_main_effect_agent_action_enable_champion_hinder_army_assault_units	1	character_to_character_own	1.0000
hkrul_dalla_agent_actions	wh2_main_effect_agent_action_enable_champion_hinder_settlement_assault_garrison	1	character_to_character_own	1.0000
hkrul_dalla_agent_actions	wh2_main_effect_agent_action_enable_champion_passive_stimulate_growth	1	character_to_character_own	1.0000
hkrul_dalla_agent_actions	wh2_main_effect_agent_action_passive_stimulate_growth_effect_negative	1	character_to_enemy_province	-10.0000
hkrul_dalla_agent_actions	wh2_main_effect_agent_action_passive_stimulate_growth_effect_positive	1	character_to_province_own	10.0000
hkrul_dalla_special_1_0	wh2_dlc10_effect_ability_enable_guardian	1	character_to_character_own	1.0000
hkrul_dalla_special_1_0	hkrul_shieldmaidens_melee_attack	1	character_to_force_own_factionwide	8.0000
hkrul_dalla_special_1_1	hkrul_effect_agent_cap_increase_spy_shieldmaiden	1	character_to_faction	1.0000
hkrul_dalla_special_1_1	hkrul_shieldmaidens_hero_charge	1	character_to_force_own_factionwide	15.0000
hkrul_dalla_special_1_2	hkrul_norsca_shieldmaiden_deco_armour	1	agent_to_parent_army_own	10.0000
hkrul_dalla_special_1_2	wh2_dlc10_effect_attribute_enable_perfect_vigour	1	character_to_character_own	1.0000
hkrul_dalla_special_1_3	wh_main_effect_character_stat_speed	1	character_to_character_own	10.0000
hkrul_dalla_special_1_3	wh_main_effect_force_all_campaign_raid_income	1	agent_to_parent_army_own	10.0000
hkrul_dalla_special_1_4	wh3_dlc27_effect_force_army_campaign_movement_range_at_sea	1	agent_to_parent_army_own	15.0000
hkrul_dalla_special_1_4	hkrul_norsca_shieldmaiden_deco_upkeep	1	agent_to_parent_army_own	-35.0000
hkrul_dalla_special_1_5	hkrul_dalla_rally	1	character_to_character_own	10.0000
hkrul_dalla_special_1_5	hkrul_shieldmaidens_armour	1	character_to_force_own_factionwide	5.0000
hkrul_dalla_special_1_6	wh_main_effect_character_stat_ap_damage	1	character_to_character_own	100.0000
hkrul_dalla_special_1_6	wh_main_effect_character_stat_unit_health	1	character_to_character_own	10.0000
hkrul_dalla_special_0_1	wh2_dlc14_effect_attrition_immunity_undead	1	agent_to_parent_army_own	1.0000
hkrul_dalla_special_0_1	wh2_dlc13_effect_xp_gain_increase_versus_undead	1	agent_to_parent_army_own	100.0000
innate_hkrul_dalla_1	hkrul_enable_immortality	1	character_to_character_own	1.0000
innate_hkrul_dalla_1	hkrul_norsca_shieldmaiden_deco_melee_attack	1	agent_to_parent_army_own	8.0000
innate_hkrul_dalla_1	hkrul_dalla_support	1	character_to_character_own	1.0000
