set	item	mod_disabled
#character_skill_node_set_items_tables;0;db/character_skill_node_set_items_tables/hkrul_dalla		
skill_node_set_hkrul_dalla	skill_node_hkrul_dalla_campaign_01	false
skill_node_set_hkrul_dalla	skill_node_hkrul_dalla_campaign_03	false
skill_node_set_hkrul_dalla	skill_node_hkrul_dalla_campaign_04	false
skill_node_set_hkrul_dalla	skill_node_hkrul_dalla_campaign_05	false
skill_node_set_hkrul_dalla	skill_node_hkrul_dalla_campaign_06	false
skill_node_set_hkrul_dalla	skill_node_hkrul_dalla_campaign_07	false
skill_node_set_hkrul_dalla	skill_node_hkrul_dalla_campaign_actions_dummy	false
skill_node_set_hkrul_dalla	skill_node_hkrul_dalla_special_1_0	false
skill_node_set_hkrul_dalla	skill_node_hkrul_dalla_special_1_1	false
skill_node_set_hkrul_dalla	skill_node_hkrul_dalla_special_1_2	false
skill_node_set_hkrul_dalla	skill_node_hkrul_dalla_special_1_3	false
skill_node_set_hkrul_dalla	skill_node_hkrul_dalla_special_1_4	false
skill_node_set_hkrul_dalla	skill_node_hkrul_dalla_special_1_5	false
skill_node_set_hkrul_dalla	skill_node_hkrul_dalla_special_1_6	false
skill_node_set_hkrul_dalla	hkrul_dalla_agent_actions	false
skill_node_set_hkrul_dalla	skill_node_hkrul_dalla_self_0	false
skill_node_set_hkrul_dalla	skill_node_hkrul_dalla_self_1_1	false
skill_node_set_hkrul_dalla	skill_node_hkrul_dalla_self_1_2	false
skill_node_set_hkrul_dalla	skill_node_hkrul_dalla_self_1_3	false
skill_node_set_hkrul_dalla	skill_node_hkrul_dalla_self_1_4	false
skill_node_set_hkrul_dalla	skill_node_hkrul_dalla_self_2	false
skill_node_set_hkrul_dalla	skill_node_hkrul_dalla_self_3_1	false
skill_node_set_hkrul_dalla	skill_node_hkrul_dalla_self_3_2	false
skill_node_set_hkrul_dalla	skill_node_hkrul_dalla_self_3_3	false
skill_node_set_hkrul_dalla	skill_node_hkrul_dalla_self_3_4	false
skill_node_set_hkrul_dalla	skill_node_hkrul_dalla_self_4	false
skill_node_set_hkrul_dalla	skill_node_hkrul_dalla_unique_1	false
skill_node_set_hkrul_dalla	skill_node_hkrul_dalla_unique_2	false
skill_node_set_hkrul_dalla	skill_node_hkrul_dalla_unique_3	false
skill_node_set_hkrul_dalla	skill_node_hkrul_dalla_unique_4	false
skill_node_set_hkrul_dalla	skill_node_hkrul_dalla_unique_5	false
skill_node_set_hkrul_dalla	hkrul_dalla_sword	false
skill_node_set_hkrul_dalla	hkrul_dalla_shield	false
skill_node_set_hkrul_dalla	hkrul_dalla_tankard	false
skill_node_set_hkrul_dalla	hkrul_dalla_horse	false
skill_node_set_hkrul_dalla	hkrul_dalla_chariot	false
skill_node_set_hkrul_shieldmaiden	hkrul_shieldmaiden_horse	false
skill_node_set_hkrul_shieldmaiden	hkrul_shieldmaiden_chariot	false
skill_node_set_hkrul_dalla	skill_node_innate_hkrul_dalla_1	false
