ability_group	unit	group_page_order
#special_ability_groups_to_units_junctions_tables;1;db/special_ability_groups_to_units_junctions_tables/scm_norsca		
hkrul_adella_lore	hkrul_adella	0
hkrul_adella_lore	hkrul_adella_horse	0
hkrul_adella_lore	hkrul_adella_chariot	0
hkrul_adella_lore	hkrul_adella_stegadon	0
hkrul_soren_lore	hkrul_soren	0
hkrul_sayl_lore	hkrul_sayl	0
hkrul_sayl_lore	hkrul_sayl_chariot	0
hkrul_sayl_lore	hkrul_sayl_mammoth	0
scm_norsca_lore_alfkael	scm_norsca_alfkael	0
scm_norsca_lore_alfkael	rhox_alfkael_warshrine	0
hkrul_yngve_lore	hkrul_yngve	0
hkrul_yngve_lore	hkrul_yngve_chariot	0
hkrul_yngve_lore	hkrul_yngve_horse	0
hkrul_yngve_lore	hkrul_yngve_manticore	0
hkrul_kammler_lore	hkrul_kammler	0
hkrul_usta_lore	hkrul_usta	0
wh3_dlc20_lore_daemon_prince_mnur	hkrul_skoroth_boss	0
