army_name	unit_name	script_name	number_of_unit
#battle_set_piece_armies_units_junctions_tables;0;db/battle_set_piece_armies_units_junctions_tables/hkrul_norsca_qb_adella			
hkrul_adella_qb_1_army_enemy	wh2_main_lzd_mon_stegadon_0_1	hkrul_adella_qb_1_army_enemy	6
hkrul_adella_qb_1_army_enemy_reinforcement	wh2_main_lzd_mon_stegadon_0_3	hkrul_adella_qb_1_army_enemy_reinforcement	6
hkrul_adella_qb_1_army_player	hkrul_skeggi_inf_chaos_marauders_0		2
hkrul_adella_qb_1_army_player	hkrul_skeggi_inf_chaos_marauders_1		1
hkrul_adella_qb_1_army_player	hkrul_skeggi_inf_marauder_berserkers_0		1
hkrul_adella_qb_1_army_player	hkrul_skeggi_inf_marauder_champions_0		1
hkrul_adella_qb_1_army_player	hkrul_skeggi_inf_marauder_champions_1		1
hkrul_adella_qb_1_army_player	hkrul_skeggi_giant_ror		1
hkrul_adella_qb_1_army_player	hkrul_skeggi_inf_marauder_hunters_1		3
hkrul_adella_qb_1_army_player	hkrul_skeggi_inf_marauder_spearman_0		2
hkrul_adella_qb_1_army_player_reinforcement	wh_dlc08_nor_inf_marauder_hunters_1	hkrul_adella_qb_1_army_player_reinforcement	3
hkrul_adella_qb_0001_initial_skeggi_host	hkrul_skeggi_inf_marauder_berserkers_0		1
hkrul_adella_qb_0001_initial_skeggi_host	hkrul_skeggi_inf_marauder_hunters_1		2
hkrul_adella_qb_0001_initial_skeggi_host	hkrul_skeggi_inf_chaos_marauders_1		3
hkrul_adella_qb_0001_initial_skeggi_host	hkrul_skeggi_inf_marauder_hunters_0		2
hkrul_adella_qb_0001_initial_skeggi_host	hkrul_skeggi_inf_marauder_spearman_0		2
hkrul_adella_qb_0003_second_skeggi_host	hkrul_skeggi_giant_ror	second_skeggi_host	1
hkrul_adella_qb_0003_second_skeggi_host	hkrul_skeggi_inf_marauder_berserkers_0	second_skeggi_host	1
hkrul_adella_qb_0003_second_skeggi_host	hkrul_skeggi_inf_chaos_marauders_0	second_skeggi_host	2
hkrul_adella_qb_0003_second_skeggi_host	hkrul_skeggi_inf_marauder_hunters_0	second_skeggi_host	1
hkrul_adella_qb_0003_second_skeggi_host	wh2_main_lzd_mon_stegadon_0_1	second_skeggi_host	2
hkrul_adella_qb_0005_adella_host	hkrul_skeggi_inf_marauder_champions_0	adella_host	1
hkrul_adella_qb_0005_adella_host	hkrul_skeggi_inf_marauder_champions_1	adella_host	2
hkrul_adella_qb_0005_adella_host	hkrul_adella_qb_0004_dodvakt	adella_host	1
hkrul_adella_qb_0005_adella_host	hkrul_adella_qb_0005_tze_bastiladon	adella_host	2
hkrul_adella_qb_0005_adella_host	hkrul_skeggi_giant	adella_host	1
hkrul_adella_qb_0005_adella_host	hkrul_skeggi_inf_marauder_hunters_1	adella_host	2
hkrul_adella_qb_0005_adella_host	hkrul_adella_qb_0005_tze_coatl	adella_host	1
hkrul_adella_qb_0001_player	rhox_graeling_champion_1		2
hkrul_adella_qb_0001_player	wh_dlc08_nor_inf_marauder_spearman_0		2
hkrul_adella_qb_0001_player	wh_dlc08_nor_inf_marauder_hunters_1		3
hkrul_adella_qb_0001_player	rhox_graeling_werekin_of_fijgard		1
hkrul_adella_qb_0001_player	rhox_graeling_champion		4
hkrul_adella_qb_0001_player	wh_dlc08_nor_mon_norscan_giant_0		1
hkrul_adella_qb_0001_player	wh_dlc08_nor_mon_skinwolves_1		1
hkrul_adella_qb_0001_player	wh_main_nor_cav_marauder_horsemen_1_rank_5		2
hkrul_adella_qb_0001_player	hkrul_norscan_feral_mammoth_3		1
