id	mission_key	option_key	value	target
#cdir_events_mission_option_junctions_tables;2;db/cdir_events_mission_option_junctions_tables/hkrul_norsca_qb				
87545030010	hkrul_skeggi_adella_sword_final	VAR_MISSION_LENGTH_INFINITE		default
87545030011	hkrul_skeggi_adella_sword_final	VAR_CHANCE	100	default
87545030012	hkrul_skeggi_adella_sword_final	GEN_TARGET_NONE		default
87545030013	hkrul_bjornling_ulfric_crown_final_battle	VAR_MISSION_LENGTH_INFINITE		default
87545030014	hkrul_bjornling_ulfric_crown_final_battle	VAR_CHANCE	100	default
87545030015	hkrul_bjornling_ulfric_crown_final_battle	GEN_TARGET_NONE		default
87545099101	hkrul_geimdall_lost_island	VAR_MISSION_LENGTH_INFINITE		default
87545099102	hkrul_geimdall_lost_island	VAR_CHANCE	100	default
87545099103	hkrul_geimdall_lost_island	GEN_TARGET_NONE		default
87545099104	hkrul_adella_qb_0001_broken_leg_gully_test	VAR_MISSION_LENGTH_INFINITE		default
87545099105	hkrul_adella_qb_0001_broken_leg_gully_test	VAR_CHANCE	100	default
87545099106	hkrul_adella_qb_0001_broken_leg_gully_test	GEN_TARGET_NONE		default
