character_name	character_level	forename	magic_lore	num_men	surname	unit_type	agent_type	agent_subtype	portrait	character_model	skillset	male
#battle_set_piece_armies_characters_tables;8;db/battle_set_piece_armies_characters_tables/hkrul_norsca_qb												
hkrul_adella_sword_kroxigor_ancient	8	1887488726		100	2147360514	wh2_dlc13_lzd_cha_kroxigor_ancient_0	general	wh2_dlc13_lzd_kroxigor_ancient	ui/portraits/portholes/no_culture/lzd_kroxigor_ancient_campaign_01_0.png	1976504333		true
hkrul_adella_verdandi	10	7411711831		100	7411711830	hkrul_verdandi	champion	hkrul_verdandi	ui/portraits/portholes/no_culture/hkrul_verdandi.png	203871729		true
hkrul_ulfric_crown_ogg	10	9984250101		100	9984250100	hkrul_bjornling_ogg	general	hkrul_bjornling_ogg	ui/portraits/portholes/no_culture/hkrul_bjornling_ogg.png	201735972		true
hkrul_ulfric_crown_aranessa	15	1340289195		100	250811476	wh2_dlc11_cst_cha_aranessa_0	general	wh2_dlc11_cst_aranessa	UI\Portraits\Portholes\no_culture\cst_cha_aranessa_saltspite_0.png	1702132749	wh2_dlc11_skill_node_set_cst_aranessa	true
hkrul_ulfric_crown_olveskan	7	9984250103		100	9984250102	wh_main_nor_cha_marauder_chieftan_1	general	wh_main_nor_marauder_chieftain	ui/portraits/portholes/no_culture/nor_marauder_chieftain_campaign_01_0.png	3509		true
hkrul_kolsveinn_cb	8	516997749		100	516997750	hkrul_kolsveinn	general	hkrul_kolsveinn_cb	ui/portraits/portholes/no_culture/hkrul_kolsveinn.png	203871730		true
hkrul_geimdall_lost_island_undead_main_general	20	1980744620	wh2_dlc11_lore_vampire_pirates	100	1980744620	wh2_dlc11_cst_cha_vampire_fleet_admiral_female_0	general	wh2_dlc11_cst_admiral_fem_vampires	ui/portraits/portholes/no_culture/cst_cha_vampire_fleet_admiral_female_campaign_01_0.png	1051890561		false
hkrul_geimdall_lost_island_undead_reinforcement_1_general	20	318570310	wh2_dlc11_lore_deep	100	1239056870	wh2_dlc11_cst_cha_vampire_fleet_admiral_deeps_1	general	wh2_dlc11_cst_admiral_deep	ui/portraits/portholes/no_culture/cst_vampire_fleet_admiral_male_campaign_01_0.png	492600057	wh2_dlc11_skill_node_set_cst_fleet_captain_deep	true
hkrul_geimdall_lost_island_undead_reinforcement_2_general	20	866370476	wh2_dlc11_lore_vampire_pirates	100	1239056870	wh2_dlc11_cst_cha_vampire_fleet_admiral_0	general	wh2_dlc11_cst_admiral_vampires	ui/portraits/portholes/no_culture/cst_vampire_fleet_admiral_male_campaign_01_0.png	2063125132		true
hkrul_adella_qb	22	5670500338		100	5670500337	hkrul_adella_stegadon	general	hkrul_adella	ui/portraits/portholes/no_culture/hkrul_adella.png	203871720		true
