army_name	battle_name
#battle_set_piece_armies_junctions_tables;0;db/battle_set_piece_armies_junctions_tables/hkrul_norsca_qb_adella	
hkrul_adella_qb_1_army_player	hkrul_skeggi_adella_sword_final_battle
hkrul_adella_qb_1_army_player_reinforcement	hkrul_skeggi_adella_sword_final_battle
hkrul_adella_qb_1_army_enemy	hkrul_skeggi_adella_sword_final_battle
hkrul_adella_qb_1_army_enemy_reinforcement	hkrul_skeggi_adella_sword_final_battle
hkrul_adella_qb_0001_player	hkrul_adella_qb_0001_broken_leg_gully_test
hkrul_adella_qb_0001_initial_skeggi_host	hkrul_adella_qb_0001_broken_leg_gully_test
hkrul_adella_qb_0003_second_skeggi_host	hkrul_adella_qb_0001_broken_leg_gully_test
hkrul_adella_qb_0005_adella_host	hkrul_adella_qb_0001_broken_leg_gully_test
