ancillary	effect	effect_scope	value
#ancillary_to_effects_tables;0;db/ancillary_to_effects_tables/scm_norsca			
hkrul_lokjar_gorger	hkrul_lokjar_skull	character_to_character_own	1.0000
hkrul_lokjar_gorger	wh_main_effect_character_stat_melee_attack	character_to_character_own	20.0000
hkrul_lokjar_amulet	wh2_main_effect_ability_enable_regeneration	character_to_character_own	1.0000
hkrul_lokjar_amulet	wh_main_effect_character_stat_unit_health	character_to_character_own	20.0000
hkrul_lokjar_amulet	wh_main_effect_character_stat_ward_save	character_to_character_own	8.0000
hkrul_hildr_axe	wh_main_effect_character_stat_melee_attack	character_to_character_own	15.0000
hkrul_hildr_axe	wh_main_effect_character_stat_ap_damage	character_to_character_own	25.0000
hkrul_hildr_axe	hkrul_hildr_axe	character_to_character_own	1.0000
hkrul_dalla_sword	wh_main_effect_attribute_enable_causes_fear	character_to_character_own	1.0000
hkrul_dalla_sword	wh_main_effect_character_stat_melee_attack	character_to_character_own	20.0000
hkrul_dalla_sword	hkrul_dalla_sword	character_to_character_own	1.0000
hkrul_dalla_shield	hkrul_dalla_shield	character_to_character_own	1.0000
hkrul_dalla_shield	wh_main_effect_character_stat_missile_block	character_to_character_own	25.0000
hkrul_dalla_shield	wh_main_effect_character_stat_magic_resistance	character_to_character_own	15.0000
hkrul_dalla_tankard	hkrul_dalla_tankard	character_to_character_own	1.0000
hkrul_dalla_tankard	wh3_main_effect_spell_mastery	character_to_force_own_unseen	10.0000
hkrul_dalla_tankard	wh_dlc08_effect_agent_cap_increase_wizard	character_to_faction_unseen	2.0000
