key	building	unit	XP	conditions	faction	enabled
#building_units_allowed_tables;4;db/building_units_allowed_tables/rhox_bjornling						
699096221	rhox_bjornling_creatures_1	hkrul_norsca_ymir	0	0		false
699096225	rhox_bjornling_creatures_2	wh_dlc08_nor_feral_manticore	0	0		false
699096227	rhox_bjornling_creatures_2	rhox_bjornling_maneater	0	0		false
699096228	rhox_bjornling_creatures_2	hkrul_norsca_ymir	0	0		false
699096230	rhox_bjornling_creatures_3	rhox_bjornling_maneater	0	0		false
699096232	rhox_bjornling_creatures_3	wh_dlc08_nor_feral_manticore	0	0		false
699096233	rhox_bjornling_creatures_3	rhox_bjornling_maneater_ironfist	0	0		false
699096234	rhox_bjornling_creatures_3	rhox_bjornling_maneater_great_weapon	0	0		false
699096235	rhox_bjornling_creatures_3	wh_dlc08_nor_mon_frost_wyrm_0	0	0		false
699096236	rhox_bjornling_creatures_3	hkrul_norsca_ymir	0	0		false
699096237	wh3_dlc27_nor_military_3b	wh3_dlc29_chs_inf_flayerkin	0	0	wh_main_nor_bjornling	false
699096238	wh_main_nor_military_3	wh3_dlc29_chs_inf_flayerkin	0	0	wh_main_nor_bjornling	false
699096239	wh3_dlc27_nor_military_3b	wh3_dlc29_chs_inf_flayerkin	0	0	mixer_nor_geimdall_huscarls	false
699096240	wh_main_nor_military_3	wh3_dlc29_chs_inf_flayerkin	0	0	mixer_nor_geimdall_huscarls	false
699096241	wh3_dlc27_nor_military_3b	wh3_dlc29_chs_inf_flayerkin	0	0	mixer_nor_eyristaad	false
699096242	wh_main_nor_military_3	wh3_dlc29_chs_inf_flayerkin	0	0	mixer_nor_eyristaad	false
699096243	wh_main_nor_stables_3	wh3_dlc27_nor_cav_kurgan_horsemen_dualweapons	0	0	wh_main_nor_bjornling	false
699096244	wh_main_nor_stables_3	wh3_dlc27_nor_cav_kurgan_horsemen_greatweapons	0	0	wh_main_nor_bjornling	false
699096245	wh_main_nor_stables_3	wh3_dlc27_nor_cav_kurgan_horsemen_dualweapons	0	0	mixer_nor_geimdall_huscarls	false
699096246	wh_main_nor_stables_3	wh3_dlc27_nor_cav_kurgan_horsemen_greatweapons	0	0	mixer_nor_geimdall_huscarls	false
699096247	wh_main_nor_stables_3	wh3_dlc27_nor_cav_kurgan_horsemen_dualweapons	0	0	mixer_nor_eyristaad	false
699096248	wh_main_nor_stables_3	wh3_dlc27_nor_cav_kurgan_horsemen_greatweapons	0	0	mixer_nor_eyristaad	false
699096249	wh3_dlc27_nor_military_3b	hkrul_nor_marauder_bondsmen	0	0	wh_main_nor_bjornling	true
699096250	wh_main_nor_military_3	hkrul_nor_marauder_bondsmen	0	0	wh_main_nor_bjornling	true
699096251	wh3_dlc27_nor_military_3b	hkrul_nor_marauder_bondsmen	0	0	mixer_nor_geimdall_huscarls	true
699096252	wh_main_nor_military_3	hkrul_nor_marauder_bondsmen	0	0	mixer_nor_geimdall_huscarls	true
699096253	wh3_dlc27_nor_military_3b	hkrul_nor_marauder_bondsmen	0	0	mixer_nor_eyristaad	true
699096254	wh_main_nor_military_3	hkrul_nor_marauder_bondsmen	0	0	mixer_nor_eyristaad	true
699096255	wh3_dlc27_nor_military_3b	hkrul_nor_marauder_bondsmen_greatweapons	0	0	wh_main_nor_bjornling	true
699096256	wh_main_nor_military_3	hkrul_nor_marauder_bondsmen_greatweapons	0	0	wh_main_nor_bjornling	true
699096257	wh3_dlc27_nor_military_3b	hkrul_nor_marauder_bondsmen_greatweapons	0	0	mixer_nor_geimdall_huscarls	true
699096258	wh_main_nor_military_3	hkrul_nor_marauder_bondsmen_greatweapons	0	0	mixer_nor_geimdall_huscarls	true
699096259	wh3_dlc27_nor_military_3b	hkrul_nor_marauder_bondsmen_greatweapons	0	0	mixer_nor_eyristaad	true
699096260	wh_main_nor_military_3	hkrul_nor_marauder_bondsmen_greatweapons	0	0	mixer_nor_eyristaad	true
699096261	wh_main_nor_military_3	wh3_dlc27_nor_inf_marauder_bearmen	0	0	wh_main_nor_bjornling	false
699096262	wh_main_nor_military_2	wh3_dlc27_nor_inf_marauder_bearmen	0	0	wh_main_nor_bjornling	false
699096263	wh3_dlc27_nor_military_4	wh3_dlc27_nor_inf_marauder_bearmen_greatweapons	0	0	wh_main_nor_bjornling	false
699096264	wh3_dlc27_nor_military_3b	wh3_dlc27_nor_inf_marauder_bearmen	0	0	wh_main_nor_bjornling	false
699096265	wh_main_nor_military_3	wh3_dlc27_nor_inf_marauder_bearmen_greatweapons	0	0	wh_main_nor_bjornling	false
699096266	wh3_dlc27_nor_military_4	wh3_dlc27_nor_inf_marauder_bearmen	0	0	wh_main_nor_bjornling	false
699096267	wh3_dlc27_nor_military_3b	wh3_dlc27_nor_inf_marauder_bearmen_greatweapons	0	0	wh_main_nor_bjornling	false
699096268	wh3_dlc27_nor_military_4	hkrul_nor_marauder_bondsmen	0	0	wh_main_nor_bjornling	true
699096269	wh3_dlc27_nor_military_4	hkrul_nor_marauder_bondsmen_greatweapons	0	0	wh_main_nor_bjornling	true
699096270	wh_main_nor_military_2	hkrul_nor_marauder_bondsmen	0	0	wh_main_nor_bjornling	true
