key	icon_path
#scripted_objectives_tables;2;db/scripted_objectives_tables/hkrul_norsca_qb_adella	
Hkrul_adella_player_objective	
Hkrul_player_ally_attack	
Hkrul_enemy_army_attack	
Hkrul_enemy_army_casulaties	
Hkrul_enemy_rein_arrived	
Hkrul_enemy_rein_2_arrived	
hkrul_adella_qb_0003_hint_betrayal	
hkrul_adella_qb_0004_phase1_objective	
hkrul_adella_qb_0004_phase2_objective	
hkrul_adella_qb_0004_hint_beasts	
hkrul_adella_qb_0004_hint_monolith	
hkrul_adella_qb_0005_hint_adella	
hkrul_adella_qb_0005_phase3_objective	
